{
  "gauges": {
    "Alloc": 1142992,
    "BuckHashSys": 3383,
    "Frees": 162,
    "GCCPUFraction": 0,
    "GCSys": 1875728,
    "GetSet121": 649075.7373239445,
    "GetSet48": 496151.09784336813,
    "GetSetZip101": 644932.6877589494,
    "HeapAlloc": 1142992,
    "HeapIdle": 2138112,
    "HeapInuse": 1695744,
    "HeapObjects": 965,
    "HeapReleased": 2039808,
    "HeapSys": 3833856,
    "LastGC": 0,
    "Lookups": 0,
    "MCacheInuse": 14496,
    "MCacheSys": 15704,
    "MSpanInuse": 34080,
    "MSpanSys": 48960,
    "Mallocs": 1127,
    "NextGC": 4194304,
    "NumForcedGC": 0,
    "NumGC": 0,
    "OtherSys": 829233,
    "PauseTotalNs": 0,
    "RandomValue": 0.23049279203282566,
    "StackInuse": 360448,
    "StackSys": 360448,
    "Sys": 6967312,
    "TotalAlloc": 1142992
  },
  "counters": {
    "GetSet244": 1190281835,
    "GetSet77": 3993139244,
    "GetSetZip45": 3624021305,
    "PollCount": 35
  }
}