{
  "gauges": {
    "Alloc": 1146440,
    "BuckHashSys": 3383,
    "Frees": 177,
    "GCCPUFraction": 0,
    "GCSys": 1882384,
    "GetSet107": 685686.7782426472,
    "GetSet115": 743999.9326123405,
    "GetSetZip156": 152746.5059778258,
    "HeapAlloc": 1146440,
    "HeapIdle": 1974272,
    "HeapInuse": 1826816,
    "HeapObjects": 1004,
    "HeapReleased": 1908736,
    "HeapSys": 3801088,
    "LastGC": 0,
    "Lookups": 0,
    "MCacheInuse": 14496,
    "MCacheSys": 15704,
    "MSpanInuse": 44800,
    "MSpanSys": 48960,
    "Mallocs": 1181,
    "NextGC": 4194304,
    "NumForcedGC": 0,
    "NumGC": 0,
    "OtherSys": 1084721,
    "PauseTotalNs": 0,
    "RandomValue": 0.3640093699283024,
    "StackInuse": 393216,
    "StackSys": 393216,
    "Sys": 7229456,
    "TotalAlloc": 1146440
  },
  "counters": {
    "GetSet123": 2718950337,
    "GetSet233": 3133766214,
    "GetSetZip92": 2847198201,
    "PollCount": 35
  }
}